DELETE FROM WFS_STATISTICS;
DELETE FROM WFS_STATISTICS;
DELETE FROM WFS_EVENT;
DELETE FROM WFS_CATEGORY_C;
DELETE FROM WFS_CATEGORY_B;
DELETE FROM WFS_CATEGORY_A;
DELETE FROM WFS_BOOKMARK;
DELETE FROM WFS_NOTICE;
DELETE FROM WFS_MEMBER;
DELETE FROM WFS_AUTHORITY;


-- INSERT INTO WFS_AUTHORITY
INSERT INTO WFS_AUTHORITY (AUTHORITY_ID,AUTHORITY) VALUES ('UUID-A001','USER');
INSERT INTO WFS_AUTHORITY (AUTHORITY_ID,AUTHORITY) VALUES ('UUID-A002','MANAGER');

-- INSERT INTO WFS_MEMBER
INSERT INTO WFS_MEMBER (MEMBER_SEQ,AUTHORITY_ID,EMAIL,NAME,PHONE,PASSWORD,REGISTERDATE) VALUES ('UUID-M001','UUID-A002','back3946@gmail.com','Jinwoo','010-3946-5464','$2a$10$tVgsGWaZ.NKy1C0i8lHeYOD8lva/riNq9Uk0I2RzftEiBQhVpG5Aq',curdate());
INSERT INTO WFS_MEMBER (MEMBER_SEQ,AUTHORITY_ID,EMAIL,NAME,PHONE,PASSWORD,REGISTERDATE) VALUES ('UUID-M002','UUID-A002','admin@gmail.com','admin','010-4444-3333','$2a$10$tVgsGWaZ.NKy1C0i8lHeYOD8lva/riNq9Uk0I2RzftEiBQhVpG5Aq',curdate());
INSERT INTO WFS_MEMBER (MEMBER_SEQ,AUTHORITY_ID,EMAIL,NAME,PHONE,PASSWORD,REGISTERDATE) VALUES ('UUID-M003','UUID-A002','bong5@gmail.com','bong5','010-5555-2222','$2a$10$tVgsGWaZ.NKy1C0i8lHeYOD8lva/riNq9Uk0I2RzftEiBQhVpG5Aq',curdate());
INSERT INTO WFS_MEMBER (MEMBER_SEQ,AUTHORITY_ID,EMAIL,NAME,PHONE,PASSWORD,REGISTERDATE) VALUES ('UUID-M004','UUID-A001','user@gmail.com','user','010-1111-1111','$2a$10$tVgsGWaZ.NKy1C0i8lHeYOD8lva/riNq9Uk0I2RzftEiBQhVpG5Aq',curdate());
INSERT INTO WFS_MEMBER (MEMBER_SEQ,AUTHORITY_ID,EMAIL,NAME,PHONE,PASSWORD,REGISTERDATE) VALUES ('UUID-M005','UUID-A001','testmember2@gmail.com','Test2','010-2222-2222','$2a$10$tVgsGWaZ.NKy1C0i8lHeYOD8lva/riNq9Uk0I2RzftEiBQhVpG5Aq',curdate());

-- INSERT INTO WFS_NOTICE
INSERT INTO WFS_NOTICE (NOTICE_SEQ,MEMBER_SEQ,TITLE,CONTENT,WRITEDATE) VALUES ('UUID-N001','UUID-M001','HI NICE TO MEET YOU!','My name is Jinwoo',"2018-07-18 06:28:24");
INSERT INTO WFS_NOTICE (NOTICE_SEQ,MEMBER_SEQ,TITLE,CONTENT,WRITEDATE) VALUES ('UUID-N002','UUID-M002','HELLO My name is clap8','two plus three is five',"2018-07-18 07:28:24");
INSERT INTO WFS_NOTICE (NOTICE_SEQ,MEMBER_SEQ,TITLE,CONTENT,WRITEDATE) VALUES ('UUID-N003','UUID-M003','I LOVE COMPUTER','CMD window is very sexy',"2018-07-18 08:28:24");

-- INSERT INTO WFS_CATEGORY_A
INSERT INTO WFS_CATEGORY_A (CATEGORY_A_ID,CATEGORY_A_NAME) VALUES ('UUID-CA001','가전·TV·디카');
INSERT INTO WFS_CATEGORY_A (CATEGORY_A_ID,CATEGORY_A_NAME) VALUES ('UUID-CA002','컴퓨터·노트북');

-- INSERT INTO WFS_CATEGORY_B
INSERT INTO WFS_CATEGORY_B (CATEGORY_B_ID,CATEGORY_B_NAME,CATEGORY_A_ID) VALUES ('UUID-CB001','주방·생활','UUID-CA001');
INSERT INTO WFS_CATEGORY_B (CATEGORY_B_ID,CATEGORY_B_NAME,CATEGORY_A_ID) VALUES ('UUID-CB002','TV·디카','UUID-CA001');
INSERT INTO WFS_CATEGORY_B (CATEGORY_B_ID,CATEGORY_B_NAME,CATEGORY_A_ID) VALUES ('UUID-CB003','컴퓨터','UUID-CA002');
INSERT INTO WFS_CATEGORY_B (CATEGORY_B_ID,CATEGORY_B_NAME,CATEGORY_A_ID) VALUES ('UUID-CB004','노트북','UUID-CA002');

-- INSERT INTO WFS_CATEGORY_C
INSERT INTO WFS_CATEGORY_C (CATEGORY_C_ID,CATEGORY_C_NAME,CATEGORY_B_ID) VALUES ('UUID-CC001','냉장고','UUID-CB001');
INSERT INTO WFS_CATEGORY_C (CATEGORY_C_ID,CATEGORY_C_NAME,CATEGORY_B_ID) VALUES ('UUID-CC002','전기밥솥','UUID-CB001');
INSERT INTO WFS_CATEGORY_C (CATEGORY_C_ID,CATEGORY_C_NAME,CATEGORY_B_ID) VALUES ('UUID-CC003','세탁기','UUID-CB001');
INSERT INTO WFS_CATEGORY_C (CATEGORY_C_ID,CATEGORY_C_NAME,CATEGORY_B_ID) VALUES ('UUID-CC004','정수기','UUID-CB001');

INSERT INTO WFS_CATEGORY_C (CATEGORY_C_ID,CATEGORY_C_NAME,CATEGORY_B_ID) VALUES ('UUID-CC005','70인치이상','UUID-CB002');
INSERT INTO WFS_CATEGORY_C (CATEGORY_C_ID,CATEGORY_C_NAME,CATEGORY_B_ID) VALUES ('UUID-CC006','60인치이상','UUID-CB002');
INSERT INTO WFS_CATEGORY_C (CATEGORY_C_ID,CATEGORY_C_NAME,CATEGORY_B_ID) VALUES ('UUID-CC007','캐논','UUID-CB002');

INSERT INTO WFS_CATEGORY_C (CATEGORY_C_ID,CATEGORY_C_NAME,CATEGORY_B_ID) VALUES ('UUID-CC008','브랜드','UUID-CB003');
INSERT INTO WFS_CATEGORY_C (CATEGORY_C_ID,CATEGORY_C_NAME,CATEGORY_B_ID) VALUES ('UUID-CC009','게임용','UUID-CB003');
INSERT INTO WFS_CATEGORY_C (CATEGORY_C_ID,CATEGORY_C_NAME,CATEGORY_B_ID) VALUES ('UUID-CC010','조립PC','UUID-CB003');

INSERT INTO WFS_CATEGORY_C (CATEGORY_C_ID,CATEGORY_C_NAME,CATEGORY_B_ID) VALUES ('UUID-CC011','15인치','UUID-CB004');
INSERT INTO WFS_CATEGORY_C (CATEGORY_C_ID,CATEGORY_C_NAME,CATEGORY_B_ID) VALUES ('UUID-CC012','13인치','UUID-CB004');
INSERT INTO WFS_CATEGORY_C (CATEGORY_C_ID,CATEGORY_C_NAME,CATEGORY_B_ID) VALUES ('UUID-CC013','사무용','UUID-CB004');

-- INSERT INTO WFS_EVENT
INSERT INTO WFS_EVENT (EVENT_SEQ,MAINORSUB,TITLE,IMG,KEYWORD,STARTINGDAY,FINISHINGDAY,WRITEDATE) VALUES ('UUID-E001','MAIN','빔 프로젝터 대전','event_main_example.jpg','엡손 프로젝터','2018-07-01','2018-07-20',curdate());
INSERT INTO WFS_EVENT (EVENT_SEQ,MAINORSUB,TITLE,IMG,KEYWORD,STARTINGDAY,FINISHINGDAY,WRITEDATE) VALUES ('UUID-E002','SUB1','에어프라이어','event_sub01_example.jpg','에어프라이어','2018-07-02','2018-07-30',curdate());
INSERT INTO WFS_EVENT (EVENT_SEQ,MAINORSUB,TITLE,IMG,KEYWORD,STARTINGDAY,FINISHINGDAY,WRITEDATE) VALUES ('UUID-E003','SUB2','특가 SAMPLE','event_sub01_example.jpg','에어프라이어','2018-07-02','2018-07-30',curdate());

-- INSERT INTO WFS_BOOKMARK
-- 북마크 테이블은 아직 아무것도 안넣음

-- INSERT INTO WFS_STATISTICS
-- now()
INSERT INTO WFS_STATISTICS (STATISTICS_SEQ, KEYWORD, SEARCHDATE) VALUES ('96c42e620d6b418abd5e3ce3f4b42959',	'디카',	now());
INSERT INTO WFS_STATISTICS (STATISTICS_SEQ, KEYWORD, SEARCHDATE) VALUES ('15c32894ed6b4cf2aaf4151ff250710b',	'브랜드컴퓨터',	now());
INSERT INTO WFS_STATISTICS (STATISTICS_SEQ, KEYWORD, SEARCHDATE) VALUES ('db32594534574938bd8ee26ed5610d09',	'세탁기',	now());
INSERT INTO WFS_STATISTICS (STATISTICS_SEQ, KEYWORD, SEARCHDATE) VALUES ('4c41fd12328a42258d6751265262fea4',	'게임용컴퓨터',	now());
INSERT INTO WFS_STATISTICS (STATISTICS_SEQ, KEYWORD, SEARCHDATE) VALUES ('86e85ab7b64b4302a8174dd08c393447',	'냉장고',	now());
INSERT INTO WFS_STATISTICS (STATISTICS_SEQ, KEYWORD, SEARCHDATE) VALUES ('42fb48937acc46459f0582807150ef5a',	'게임용컴퓨터',	now());
INSERT INTO WFS_STATISTICS (STATISTICS_SEQ, KEYWORD, SEARCHDATE) VALUES ('4e33c9d60a0f453cb6c2455009ebed60',	'냉장고',	now());
INSERT INTO WFS_STATISTICS (STATISTICS_SEQ, KEYWORD, SEARCHDATE) VALUES ('f7fc2769887445b7b988ab0c58b56342',	'노트북15인치',	now());
INSERT INTO WFS_STATISTICS (STATISTICS_SEQ, KEYWORD, SEARCHDATE) VALUES ('a2b4fa5ae5aa49e3961fbf5a2431c0f8',	'냉장고',	now());
INSERT INTO WFS_STATISTICS (STATISTICS_SEQ, KEYWORD, SEARCHDATE) VALUES ('c5b1a7ad27a54a6c8437f9d8e116c67c',	'홈시어터',	now());
INSERT INTO WFS_STATISTICS (STATISTICS_SEQ, KEYWORD, SEARCHDATE) VALUES ('10b5f0ecf3994517936cd40e666c3a70',	'디카',	now());
INSERT INTO WFS_STATISTICS (STATISTICS_SEQ, KEYWORD, SEARCHDATE) VALUES ('45b2ea3d4360478593a245f8e49cff4a',	'정수기',	now());
INSERT INTO WFS_STATISTICS (STATISTICS_SEQ, KEYWORD, SEARCHDATE) VALUES ('7a87fdab21e246d19abce384fdd19061',	'게임용컴퓨터',	now());
INSERT INTO WFS_STATISTICS (STATISTICS_SEQ, KEYWORD, SEARCHDATE) VALUES ('256fe13d3df04df4946268ef5d0586bd',	'냉장고',	now());
INSERT INTO WFS_STATISTICS (STATISTICS_SEQ, KEYWORD, SEARCHDATE) VALUES ('90405420b1ef407b95c3241696f3d013',	'정수기',	now());
INSERT INTO WFS_STATISTICS (STATISTICS_SEQ, KEYWORD, SEARCHDATE) VALUES ('8157aeda8aa24c66a83bfd5b4e4fa2ce',	'정수기',	now());
INSERT INTO WFS_STATISTICS (STATISTICS_SEQ, KEYWORD, SEARCHDATE) VALUES ('f885e766236a4e5f8d6fcb351f5f3073',	'냉장고',	now());
INSERT INTO WFS_STATISTICS (STATISTICS_SEQ, KEYWORD, SEARCHDATE) VALUES ('f885e766236a4e5f8d6fcb351f5f3074',	'냉장고',	now());
INSERT INTO WFS_STATISTICS (STATISTICS_SEQ, KEYWORD, SEARCHDATE) VALUES ('f885e766236a4e5f8d6fcb351f5f3075',	'냉장고',	now());
INSERT INTO WFS_STATISTICS (STATISTICS_SEQ, KEYWORD, SEARCHDATE) VALUES ('f885e766236a4e5f8d6fcb351f5f3076',	'냉장고',	now());
INSERT INTO WFS_STATISTICS (STATISTICS_SEQ, KEYWORD, SEARCHDATE) VALUES ('f885e766236a4e5f8d6fcb351f5f3077',	'게임용컴퓨터',	now());
INSERT INTO WFS_STATISTICS (STATISTICS_SEQ, KEYWORD, SEARCHDATE) VALUES ('f885e766236a4e5f8d6fcb351f5f3078',	'게임용컴퓨터',	now());
INSERT INTO WFS_STATISTICS (STATISTICS_SEQ, KEYWORD, SEARCHDATE) VALUES ('f885e766236a4e5f8d6fcb351f5f3080',	'게임용컴퓨터',	now());
INSERT INTO WFS_STATISTICS (STATISTICS_SEQ, KEYWORD, SEARCHDATE) VALUES ('f885e766236a4e5f8d6fcb351f5f3081',	'게임용컴퓨터',	now());
INSERT INTO WFS_STATISTICS (STATISTICS_SEQ, KEYWORD, SEARCHDATE) VALUES ('f885e766236a4e5f8d6fcb351f5f3082',	'전기밥솥',	now());
INSERT INTO WFS_STATISTICS (STATISTICS_SEQ, KEYWORD, SEARCHDATE) VALUES ('f885e766236a4e5f8d6fcb351f5f3083',	'전기밥솥',	now());
INSERT INTO WFS_STATISTICS (STATISTICS_SEQ, KEYWORD, SEARCHDATE) VALUES ('f885e766236a4e5f8d6fcb351f5f3084',	'전기밥솥',	now());
INSERT INTO WFS_STATISTICS (STATISTICS_SEQ, KEYWORD, SEARCHDATE) VALUES ('f885e766236a4e5f8d6fcb351f5f3085',	'전기밥솥',	now());
INSERT INTO WFS_STATISTICS (STATISTICS_SEQ, KEYWORD, SEARCHDATE) VALUES ('f885e766236a4e5f8d6fcb351f5f3086',	'노트북사무용',	now());
INSERT INTO WFS_STATISTICS (STATISTICS_SEQ, KEYWORD, SEARCHDATE) VALUES ('f885e766236a4e5f8d6fcb351f5f3087',	'노트북사무용',	now());
INSERT INTO WFS_STATISTICS (STATISTICS_SEQ, KEYWORD, SEARCHDATE) VALUES ('f885e766236a4e5f8d6fcb351f5f3088',	'노트북사무용',	now());
INSERT INTO WFS_STATISTICS (STATISTICS_SEQ, KEYWORD, SEARCHDATE) VALUES ('f885e766236a4e5f8d6fcb351f5f3089',	'노트북사무용',	now());
INSERT INTO WFS_STATISTICS (STATISTICS_SEQ, KEYWORD, SEARCHDATE) VALUES ('f885e766236a4e5f8d6fcb351f5f3090',	'노트북사무용',	now());
INSERT INTO WFS_STATISTICS (STATISTICS_SEQ, KEYWORD, SEARCHDATE) VALUES ('f885e766236a4e5f8d6fcb351f5f3091',	'노트북사무용',	now());
INSERT INTO WFS_STATISTICS (STATISTICS_SEQ, KEYWORD, SEARCHDATE) VALUES ('f885e766236a4e5f8d6fcb351f5f3092',	'노트북사무용',	now());

-- now() + INTERVAL 1 DAY
INSERT INTO WFS_STATISTICS (STATISTICS_SEQ, KEYWORD, SEARCHDATE) VALUES ('6c42e620d6b418abd5e3ce3f4b42959',	'디카',	now() + INTERVAL 1 DAY);
INSERT INTO WFS_STATISTICS (STATISTICS_SEQ, KEYWORD, SEARCHDATE) VALUES ('5c32894ed6b4cf2aaf4151ff250710b',	'브랜드컴퓨터',	now() + INTERVAL 1 DAY );
INSERT INTO WFS_STATISTICS (STATISTICS_SEQ, KEYWORD, SEARCHDATE) VALUES ('b32594534574938bd8ee26ed5610d09',	'세탁기',	now() + INTERVAL 1 DAY );
INSERT INTO WFS_STATISTICS (STATISTICS_SEQ, KEYWORD, SEARCHDATE) VALUES ('c41fd12328a42258d6751265262fea4',	'게임용컴퓨터',	now() + INTERVAL 1 DAY );
INSERT INTO WFS_STATISTICS (STATISTICS_SEQ, KEYWORD, SEARCHDATE) VALUES ('6e85ab7b64b4302a8174dd08c393447',	'냉장고',	now() + INTERVAL 1 DAY );
INSERT INTO WFS_STATISTICS (STATISTICS_SEQ, KEYWORD, SEARCHDATE) VALUES ('2fb48937acc46459f0582807150ef5a',	'게임용컴퓨터',	now() + INTERVAL 1 DAY );
INSERT INTO WFS_STATISTICS (STATISTICS_SEQ, KEYWORD, SEARCHDATE) VALUES ('e33c9d60a0f453cb6c2455009ebed60',	'냉장고',	now() + INTERVAL 1 DAY );
INSERT INTO WFS_STATISTICS (STATISTICS_SEQ, KEYWORD, SEARCHDATE) VALUES ('7fc2769887445b7b988ab0c58b56342',	'노트북15인치',	now() + INTERVAL 1 DAY );
INSERT INTO WFS_STATISTICS (STATISTICS_SEQ, KEYWORD, SEARCHDATE) VALUES ('2b4fa5ae5aa49e3961fbf5a2431c0f8',	'냉장고',	now() + INTERVAL 1 DAY );
INSERT INTO WFS_STATISTICS (STATISTICS_SEQ, KEYWORD, SEARCHDATE) VALUES ('5b1a7ad27a54a6c8437f9d8e116c67c',	'홈시어터',	now() + INTERVAL 1 DAY );
INSERT INTO WFS_STATISTICS (STATISTICS_SEQ, KEYWORD, SEARCHDATE) VALUES ('0b5f0ecf3994517936cd40e666c3a70',	'디카',	now() + INTERVAL 1 DAY );
INSERT INTO WFS_STATISTICS (STATISTICS_SEQ, KEYWORD, SEARCHDATE) VALUES ('5b2ea3d4360478593a245f8e49cff4a',	'정수기',	now() + INTERVAL 1 DAY );
INSERT INTO WFS_STATISTICS (STATISTICS_SEQ, KEYWORD, SEARCHDATE) VALUES ('a87fdab21e246d19abce384fdd19061',	'게임용컴퓨터',	now() + INTERVAL 1 DAY );
INSERT INTO WFS_STATISTICS (STATISTICS_SEQ, KEYWORD, SEARCHDATE) VALUES ('56fe13d3df04df4946268ef5d0586bd',	'냉장고',	now() + INTERVAL 1 DAY );
INSERT INTO WFS_STATISTICS (STATISTICS_SEQ, KEYWORD, SEARCHDATE) VALUES ('0405420b1ef407b95c3241696f3d013',	'정수기',	now() + INTERVAL 1 DAY );
INSERT INTO WFS_STATISTICS (STATISTICS_SEQ, KEYWORD, SEARCHDATE) VALUES ('157aeda8aa24c66a83bfd5b4e4fa2ce',	'정수기',	now() + INTERVAL 1 DAY );
INSERT INTO WFS_STATISTICS (STATISTICS_SEQ, KEYWORD, SEARCHDATE) VALUES ('885e766236a4e5f8d6fcb351f5f3073',	'냉장고',	now() + INTERVAL 1 DAY );
INSERT INTO WFS_STATISTICS (STATISTICS_SEQ, KEYWORD, SEARCHDATE) VALUES ('885e766236a4e5f8d6fcb351f5f3074',	'냉장고',	now() + INTERVAL 1 DAY );
INSERT INTO WFS_STATISTICS (STATISTICS_SEQ, KEYWORD, SEARCHDATE) VALUES ('885e766236a4e5f8d6fcb351f5f3075',	'냉장고',	now() + INTERVAL 1 DAY );
INSERT INTO WFS_STATISTICS (STATISTICS_SEQ, KEYWORD, SEARCHDATE) VALUES ('885e766236a4e5f8d6fcb351f5f3076',	'냉장고',	now() + INTERVAL 1 DAY );
INSERT INTO WFS_STATISTICS (STATISTICS_SEQ, KEYWORD, SEARCHDATE) VALUES ('885e766236a4e5f8d6fcb351f5f3077',	'게임용컴퓨터',	now() + INTERVAL 1 DAY );
INSERT INTO WFS_STATISTICS (STATISTICS_SEQ, KEYWORD, SEARCHDATE) VALUES ('885e766236a4e5f8d6fcb351f5f3078',	'게임용컴퓨터',	now() + INTERVAL 1 DAY );
INSERT INTO WFS_STATISTICS (STATISTICS_SEQ, KEYWORD, SEARCHDATE) VALUES ('885e766236a4e5f8d6fcb351f5f3080',	'게임용컴퓨터',	now() + INTERVAL 1 DAY );
INSERT INTO WFS_STATISTICS (STATISTICS_SEQ, KEYWORD, SEARCHDATE) VALUES ('885e766236a4e5f8d6fcb351f5f3081',	'게임용컴퓨터',	now() + INTERVAL 1 DAY );
INSERT INTO WFS_STATISTICS (STATISTICS_SEQ, KEYWORD, SEARCHDATE) VALUES ('885e766236a4e5f8d6fcb351f5f3082',	'전기밥솥',	now() + INTERVAL 1 DAY );
INSERT INTO WFS_STATISTICS (STATISTICS_SEQ, KEYWORD, SEARCHDATE) VALUES ('885e766236a4e5f8d6fcb351f5f3083',	'전기밥솥',	now() + INTERVAL 1 DAY );
INSERT INTO WFS_STATISTICS (STATISTICS_SEQ, KEYWORD, SEARCHDATE) VALUES ('885e766236a4e5f8d6fcb351f5f3084',	'전기밥솥',	now() + INTERVAL 1 DAY );
INSERT INTO WFS_STATISTICS (STATISTICS_SEQ, KEYWORD, SEARCHDATE) VALUES ('885e766236a4e5f8d6fcb351f5f3085',	'전기밥솥',	now() + INTERVAL 1 DAY );
INSERT INTO WFS_STATISTICS (STATISTICS_SEQ, KEYWORD, SEARCHDATE) VALUES ('885e766236a4e5f8d6fcb351f5f3086',	'노트북사무용',	now() + INTERVAL 1 DAY );
INSERT INTO WFS_STATISTICS (STATISTICS_SEQ, KEYWORD, SEARCHDATE) VALUES ('885e766236a4e5f8d6fcb351f5f3087',	'노트북사무용',	now() + INTERVAL 1 DAY );
INSERT INTO WFS_STATISTICS (STATISTICS_SEQ, KEYWORD, SEARCHDATE) VALUES ('885e766236a4e5f8d6fcb351f5f3088',	'노트북사무용',	now() + INTERVAL 1 DAY );
INSERT INTO WFS_STATISTICS (STATISTICS_SEQ, KEYWORD, SEARCHDATE) VALUES ('885e766236a4e5f8d6fcb351f5f3089',	'노트북사무용',	now() + INTERVAL 1 DAY );
INSERT INTO WFS_STATISTICS (STATISTICS_SEQ, KEYWORD, SEARCHDATE) VALUES ('885e766236a4e5f8d6fcb351f5f3090',	'노트북사무용',	now() + INTERVAL 1 DAY );
INSERT INTO WFS_STATISTICS (STATISTICS_SEQ, KEYWORD, SEARCHDATE) VALUES ('885e766236a4e5f8d6fcb351f5f3091',	'노트북사무용',	now() + INTERVAL 1 DAY );
INSERT INTO WFS_STATISTICS (STATISTICS_SEQ, KEYWORD, SEARCHDATE) VALUES ('885e766236a4e5f8d6fcb351f5f3092',	'노트북사무용',	now() + INTERVAL 1 DAY );

-- now() + INTERVAL 2 DAY
INSERT INTO WFS_STATISTICS (STATISTICS_SEQ, KEYWORD, SEARCHDATE) VALUES ('c42e620d6b418abd5e3ce3f4b42959',	'디카',	now() + INTERVAL 2 DAY);
INSERT INTO WFS_STATISTICS (STATISTICS_SEQ, KEYWORD, SEARCHDATE) VALUES ('c32894ed6b4cf2aaf4151ff250710b',	'브랜드컴퓨터',	now() + INTERVAL 2 DAY );
INSERT INTO WFS_STATISTICS (STATISTICS_SEQ, KEYWORD, SEARCHDATE) VALUES ('32594534574938bd8ee26ed5610d09',	'세탁기',	now() + INTERVAL 2 DAY );
INSERT INTO WFS_STATISTICS (STATISTICS_SEQ, KEYWORD, SEARCHDATE) VALUES ('41fd12328a42258d6751265262fea4',	'게임용컴퓨터',	now() + INTERVAL 2 DAY );
INSERT INTO WFS_STATISTICS (STATISTICS_SEQ, KEYWORD, SEARCHDATE) VALUES ('e85ab7b64b4302a8174dd08c393447',	'냉장고',	now() + INTERVAL 2 DAY );
INSERT INTO WFS_STATISTICS (STATISTICS_SEQ, KEYWORD, SEARCHDATE) VALUES ('fb48937acc46459f0582807150ef5a',	'게임용컴퓨터',	now() + INTERVAL 2 DAY );
INSERT INTO WFS_STATISTICS (STATISTICS_SEQ, KEYWORD, SEARCHDATE) VALUES ('33c9d60a0f453cb6c2455009ebed60',	'냉장고',	now() + INTERVAL 2 DAY );
INSERT INTO WFS_STATISTICS (STATISTICS_SEQ, KEYWORD, SEARCHDATE) VALUES ('fc2769887445b7b988ab0c58b56342',	'노트북15인치',	now() + INTERVAL 2 DAY );
INSERT INTO WFS_STATISTICS (STATISTICS_SEQ, KEYWORD, SEARCHDATE) VALUES ('b4fa5ae5aa49e3961fbf5a2431c0f8',	'냉장고',	now() + INTERVAL 2 DAY );
INSERT INTO WFS_STATISTICS (STATISTICS_SEQ, KEYWORD, SEARCHDATE) VALUES ('b1a7ad27a54a6c8437f9d8e116c67c',	'홈시어터',	now() + INTERVAL 2 DAY );
INSERT INTO WFS_STATISTICS (STATISTICS_SEQ, KEYWORD, SEARCHDATE) VALUES ('b5f0ecf3994517936cd40e666c3a70',	'디카',	now() + INTERVAL 2 DAY );
INSERT INTO WFS_STATISTICS (STATISTICS_SEQ, KEYWORD, SEARCHDATE) VALUES ('b2ea3d4360478593a245f8e49cff4a',	'정수기',	now() + INTERVAL 2 DAY );
INSERT INTO WFS_STATISTICS (STATISTICS_SEQ, KEYWORD, SEARCHDATE) VALUES ('87fdab21e246d19abce384fdd19061',	'게임용컴퓨터',	now() + INTERVAL 2 DAY );
INSERT INTO WFS_STATISTICS (STATISTICS_SEQ, KEYWORD, SEARCHDATE) VALUES ('6fe13d3df04df4946268ef5d0586bd',	'냉장고',	now() + INTERVAL 2 DAY );
INSERT INTO WFS_STATISTICS (STATISTICS_SEQ, KEYWORD, SEARCHDATE) VALUES ('405420b1ef407b95c3241696f3d013',	'정수기',	now() + INTERVAL 2 DAY );
INSERT INTO WFS_STATISTICS (STATISTICS_SEQ, KEYWORD, SEARCHDATE) VALUES ('57aeda8aa24c66a83bfd5b4e4fa2ce',	'정수기',	now() + INTERVAL 2 DAY );
INSERT INTO WFS_STATISTICS (STATISTICS_SEQ, KEYWORD, SEARCHDATE) VALUES ('85e766236a4e5f8d6fcb351f5f3073',	'냉장고',	now() + INTERVAL 2 DAY );
INSERT INTO WFS_STATISTICS (STATISTICS_SEQ, KEYWORD, SEARCHDATE) VALUES ('85e766236a4e5f8d6fcb351f5f3074',	'냉장고',	now() + INTERVAL 2 DAY );
INSERT INTO WFS_STATISTICS (STATISTICS_SEQ, KEYWORD, SEARCHDATE) VALUES ('85e766236a4e5f8d6fcb351f5f3075',	'냉장고',	now() + INTERVAL 2 DAY );
INSERT INTO WFS_STATISTICS (STATISTICS_SEQ, KEYWORD, SEARCHDATE) VALUES ('85e766236a4e5f8d6fcb351f5f3076',	'냉장고',	now() + INTERVAL 2 DAY );
INSERT INTO WFS_STATISTICS (STATISTICS_SEQ, KEYWORD, SEARCHDATE) VALUES ('85e766236a4e5f8d6fcb351f5f3077',	'게임용컴퓨터',	now() + INTERVAL 2 DAY );
INSERT INTO WFS_STATISTICS (STATISTICS_SEQ, KEYWORD, SEARCHDATE) VALUES ('85e766236a4e5f8d6fcb351f5f3078',	'게임용컴퓨터',	now() + INTERVAL 2 DAY );
INSERT INTO WFS_STATISTICS (STATISTICS_SEQ, KEYWORD, SEARCHDATE) VALUES ('85e766236a4e5f8d6fcb351f5f3080',	'게임용컴퓨터',	now() + INTERVAL 2 DAY );
INSERT INTO WFS_STATISTICS (STATISTICS_SEQ, KEYWORD, SEARCHDATE) VALUES ('85e766236a4e5f8d6fcb351f5f3081',	'게임용컴퓨터',	now() + INTERVAL 2 DAY );
INSERT INTO WFS_STATISTICS (STATISTICS_SEQ, KEYWORD, SEARCHDATE) VALUES ('85e766236a4e5f8d6fcb351f5f3082',	'전기밥솥',	now() + INTERVAL 2 DAY );
INSERT INTO WFS_STATISTICS (STATISTICS_SEQ, KEYWORD, SEARCHDATE) VALUES ('85e766236a4e5f8d6fcb351f5f3083',	'전기밥솥',	now() + INTERVAL 2 DAY );
INSERT INTO WFS_STATISTICS (STATISTICS_SEQ, KEYWORD, SEARCHDATE) VALUES ('85e766236a4e5f8d6fcb351f5f3084',	'전기밥솥',	now() + INTERVAL 2 DAY );
INSERT INTO WFS_STATISTICS (STATISTICS_SEQ, KEYWORD, SEARCHDATE) VALUES ('85e766236a4e5f8d6fcb351f5f3085',	'전기밥솥',	now() + INTERVAL 2 DAY );
INSERT INTO WFS_STATISTICS (STATISTICS_SEQ, KEYWORD, SEARCHDATE) VALUES ('85e766236a4e5f8d6fcb351f5f3086',	'노트북사무용',	now() + INTERVAL 2 DAY );
INSERT INTO WFS_STATISTICS (STATISTICS_SEQ, KEYWORD, SEARCHDATE) VALUES ('85e766236a4e5f8d6fcb351f5f3087',	'노트북사무용',	now() + INTERVAL 2 DAY );
INSERT INTO WFS_STATISTICS (STATISTICS_SEQ, KEYWORD, SEARCHDATE) VALUES ('85e766236a4e5f8d6fcb351f5f3088',	'노트북사무용',	now() + INTERVAL 2 DAY );
INSERT INTO WFS_STATISTICS (STATISTICS_SEQ, KEYWORD, SEARCHDATE) VALUES ('85e766236a4e5f8d6fcb351f5f3089',	'노트북사무용',	now() + INTERVAL 2 DAY );
INSERT INTO WFS_STATISTICS (STATISTICS_SEQ, KEYWORD, SEARCHDATE) VALUES ('85e766236a4e5f8d6fcb351f5f3090',	'노트북사무용',	now() + INTERVAL 2 DAY );
INSERT INTO WFS_STATISTICS (STATISTICS_SEQ, KEYWORD, SEARCHDATE) VALUES ('85e766236a4e5f8d6fcb351f5f3091',	'노트북사무용',	now() + INTERVAL 2 DAY );
INSERT INTO WFS_STATISTICS (STATISTICS_SEQ, KEYWORD, SEARCHDATE) VALUES ('85e766236a4e5f8d6fcb351f5f3092',	'노트북사무용',	now() + INTERVAL 2 DAY );

-- now() + INTERVAL 3 DAY
INSERT INTO WFS_STATISTICS (STATISTICS_SEQ, KEYWORD, SEARCHDATE) VALUES ('96c42e620d6b418abd5e3ce3f4b4295',	'디카',	now() + INTERVAL 3 DAY);
INSERT INTO WFS_STATISTICS (STATISTICS_SEQ, KEYWORD, SEARCHDATE) VALUES ('15c32894ed6b4cf2aaf4151ff250710',	'브랜드컴퓨터',	now() + INTERVAL 3 DAY );
INSERT INTO WFS_STATISTICS (STATISTICS_SEQ, KEYWORD, SEARCHDATE) VALUES ('db32594534574938bd8ee26ed5610d0',	'세탁기',	now() + INTERVAL 3 DAY );
INSERT INTO WFS_STATISTICS (STATISTICS_SEQ, KEYWORD, SEARCHDATE) VALUES ('4c41fd12328a42258d6751265262fea',	'게임용컴퓨터',	now() + INTERVAL 3 DAY );
INSERT INTO WFS_STATISTICS (STATISTICS_SEQ, KEYWORD, SEARCHDATE) VALUES ('86e85ab7b64b4302a8174dd08c39344',	'냉장고',	now() + INTERVAL 3 DAY );
INSERT INTO WFS_STATISTICS (STATISTICS_SEQ, KEYWORD, SEARCHDATE) VALUES ('42fb48937acc46459f0582807150ef5',	'게임용컴퓨터',	now() + INTERVAL 3 DAY );
INSERT INTO WFS_STATISTICS (STATISTICS_SEQ, KEYWORD, SEARCHDATE) VALUES ('4e33c9d60a0f453cb6c2455009ebed6',	'냉장고',	now() + INTERVAL 3 DAY );
INSERT INTO WFS_STATISTICS (STATISTICS_SEQ, KEYWORD, SEARCHDATE) VALUES ('f7fc2769887445b7b988ab0c58b5634',	'노트북15인치',	now() + INTERVAL 3 DAY );
INSERT INTO WFS_STATISTICS (STATISTICS_SEQ, KEYWORD, SEARCHDATE) VALUES ('a2b4fa5ae5aa49e3961fbf5a2431c0f',	'냉장고',	now() + INTERVAL 3 DAY );
INSERT INTO WFS_STATISTICS (STATISTICS_SEQ, KEYWORD, SEARCHDATE) VALUES ('c5b1a7ad27a54a6c8437f9d8e116c67',	'홈시어터',	now() + INTERVAL 3 DAY );
INSERT INTO WFS_STATISTICS (STATISTICS_SEQ, KEYWORD, SEARCHDATE) VALUES ('10b5f0ecf3994517936cd40e666c3a7',	'디카',	now() + INTERVAL 3 DAY );
INSERT INTO WFS_STATISTICS (STATISTICS_SEQ, KEYWORD, SEARCHDATE) VALUES ('45b2ea3d4360478593a245f8e49cff4',	'정수기',	now() + INTERVAL 3 DAY );
INSERT INTO WFS_STATISTICS (STATISTICS_SEQ, KEYWORD, SEARCHDATE) VALUES ('7a87fdab21e246d19abce384fdd1906',	'게임용컴퓨터',	now() + INTERVAL 3 DAY );
INSERT INTO WFS_STATISTICS (STATISTICS_SEQ, KEYWORD, SEARCHDATE) VALUES ('256fe13d3df04df4946268ef5d0586b',	'냉장고',	now() + INTERVAL 3 DAY );
INSERT INTO WFS_STATISTICS (STATISTICS_SEQ, KEYWORD, SEARCHDATE) VALUES ('90405420b1ef407b95c3241696f3d01',	'정수기',	now() + INTERVAL 3 DAY );
INSERT INTO WFS_STATISTICS (STATISTICS_SEQ, KEYWORD, SEARCHDATE) VALUES ('8157aeda8aa24c66a83bfd5b4e4fa2c',	'정수기',	now() + INTERVAL 3 DAY );
INSERT INTO WFS_STATISTICS (STATISTICS_SEQ, KEYWORD, SEARCHDATE) VALUES ('f885e766236a4e5f8d6fcb351f5f307',	'냉장고',	now() + INTERVAL 3 DAY );
INSERT INTO WFS_STATISTICS (STATISTICS_SEQ, KEYWORD, SEARCHDATE) VALUES ('f885e7662136a4e5f8d6fcb351f5f307',	'냉장고',	now() + INTERVAL 3 DAY );
INSERT INTO WFS_STATISTICS (STATISTICS_SEQ, KEYWORD, SEARCHDATE) VALUES ('f885e7662326a4e5f8d6fcb351f5f307',	'냉장고',	now() + INTERVAL 3 DAY );
INSERT INTO WFS_STATISTICS (STATISTICS_SEQ, KEYWORD, SEARCHDATE) VALUES ('f885e7662363a4e5f8d6fcb351f5f307',	'냉장고',	now() + INTERVAL 3 DAY );
INSERT INTO WFS_STATISTICS (STATISTICS_SEQ, KEYWORD, SEARCHDATE) VALUES ('f885e766236a44e5f8d6fcb351f5f307',	'게임용컴퓨터',	now() + INTERVAL 3 DAY );
INSERT INTO WFS_STATISTICS (STATISTICS_SEQ, KEYWORD, SEARCHDATE) VALUES ('f885e766236a45e5f8d6fcb351f5f307',	'게임용컴퓨터',	now() + INTERVAL 3 DAY );
INSERT INTO WFS_STATISTICS (STATISTICS_SEQ, KEYWORD, SEARCHDATE) VALUES ('f885e766236a4e75f8d6fcb351f5f308',	'게임용컴퓨터',	now() + INTERVAL 3 DAY );
INSERT INTO WFS_STATISTICS (STATISTICS_SEQ, KEYWORD, SEARCHDATE) VALUES ('f885e766236a4e58f8d6fcb351f5f308',	'게임용컴퓨터',	now() + INTERVAL 3 DAY );
INSERT INTO WFS_STATISTICS (STATISTICS_SEQ, KEYWORD, SEARCHDATE) VALUES ('f885e766236a4e5f98d6fcb351f5f308',	'전기밥솥',	now() + INTERVAL 3 DAY );
INSERT INTO WFS_STATISTICS (STATISTICS_SEQ, KEYWORD, SEARCHDATE) VALUES ('f885e766236a4e5f81d6fcb351f5f308',	'전기밥솥',	now() + INTERVAL 3 DAY );
INSERT INTO WFS_STATISTICS (STATISTICS_SEQ, KEYWORD, SEARCHDATE) VALUES ('f885e766236a4e5f8d26fcb351f5f308',	'전기밥솥',	now() + INTERVAL 3 DAY );
INSERT INTO WFS_STATISTICS (STATISTICS_SEQ, KEYWORD, SEARCHDATE) VALUES ('f885e766236a4e5f8d63fcb351f5f308',	'전기밥솥',	now() + INTERVAL 3 DAY );
INSERT INTO WFS_STATISTICS (STATISTICS_SEQ, KEYWORD, SEARCHDATE) VALUES ('f885e766236a4e5f8d6f4cb351f5f308',	'노트북사무용',	now() + INTERVAL 3 DAY );
INSERT INTO WFS_STATISTICS (STATISTICS_SEQ, KEYWORD, SEARCHDATE) VALUES ('f885e766236a4e5f8d6fc5b351f5f308',	'노트북사무용',	now() + INTERVAL 3 DAY );
INSERT INTO WFS_STATISTICS (STATISTICS_SEQ, KEYWORD, SEARCHDATE) VALUES ('f885e766236a4e5f8d6fcb8351f5f308',	'노트북사무용',	now() + INTERVAL 3 DAY );
INSERT INTO WFS_STATISTICS (STATISTICS_SEQ, KEYWORD, SEARCHDATE) VALUES ('f885e766236a4e5f8d6fcb3751f5f308',	'노트북사무용',	now() + INTERVAL 3 DAY );
INSERT INTO WFS_STATISTICS (STATISTICS_SEQ, KEYWORD, SEARCHDATE) VALUES ('f885e766236a4e5f8d6fcb3591f5f309',	'노트북사무용',	now() + INTERVAL 3 DAY );
INSERT INTO WFS_STATISTICS (STATISTICS_SEQ, KEYWORD, SEARCHDATE) VALUES ('f885e766236a4e5f8d6fcb3516f5f309',	'노트북사무용',	now() + INTERVAL 3 DAY );
INSERT INTO WFS_STATISTICS (STATISTICS_SEQ, KEYWORD, SEARCHDATE) VALUES ('f885e766236a4e5f8d6fcb351f35f309',	'노트북사무용',	now() + INTERVAL 3 DAY );

-- now() + INTERVAL 4 DAY
INSERT INTO WFS_STATISTICS (STATISTICS_SEQ, KEYWORD, SEARCHDATE) VALUES ('96c42e620d6b418abde3ce3f4b42959',	'디카',	now() + INTERVAL 4 DAY);
INSERT INTO WFS_STATISTICS (STATISTICS_SEQ, KEYWORD, SEARCHDATE) VALUES ('15c32894ed6b4cf2aa4151ff250710b',	'브랜드컴퓨터',	now() + INTERVAL 4 DAY );
INSERT INTO WFS_STATISTICS (STATISTICS_SEQ, KEYWORD, SEARCHDATE) VALUES ('db32594534574938bdee26ed5610d09',	'세탁기',	now() + INTERVAL 4 DAY );
INSERT INTO WFS_STATISTICS (STATISTICS_SEQ, KEYWORD, SEARCHDATE) VALUES ('4c41fd12328a42258d751265262fea4',	'게임용컴퓨터',	now() + INTERVAL 4 DAY );
INSERT INTO WFS_STATISTICS (STATISTICS_SEQ, KEYWORD, SEARCHDATE) VALUES ('86e85ab7b64b4302a874dd08c393447',	'냉장고',	now() + INTERVAL 4 DAY );
INSERT INTO WFS_STATISTICS (STATISTICS_SEQ, KEYWORD, SEARCHDATE) VALUES ('42fb48937acc46459f582807150ef5a',	'게임용컴퓨터',	now() + INTERVAL 4 DAY );
INSERT INTO WFS_STATISTICS (STATISTICS_SEQ, KEYWORD, SEARCHDATE) VALUES ('4e33c9d60a0f453cb62455009ebed60',	'냉장고',	now() + INTERVAL 4 DAY );
INSERT INTO WFS_STATISTICS (STATISTICS_SEQ, KEYWORD, SEARCHDATE) VALUES ('f7fc2769887445b7b98ab0c58b56342',	'노트북15인치',	now() + INTERVAL 4 DAY );
INSERT INTO WFS_STATISTICS (STATISTICS_SEQ, KEYWORD, SEARCHDATE) VALUES ('a2b4fa5ae5aa49e396fbf5a2431c0f8',	'냉장고',	now() + INTERVAL 4 DAY );
INSERT INTO WFS_STATISTICS (STATISTICS_SEQ, KEYWORD, SEARCHDATE) VALUES ('c5b1a7ad27a54a6c847f9d8e116c67c',	'홈시어터',	now() + INTERVAL 4 DAY );
INSERT INTO WFS_STATISTICS (STATISTICS_SEQ, KEYWORD, SEARCHDATE) VALUES ('10b5f0ecf399451793cd40e666c3a70',	'디카',	now() + INTERVAL 4 DAY );
INSERT INTO WFS_STATISTICS (STATISTICS_SEQ, KEYWORD, SEARCHDATE) VALUES ('45b2ea3d4360478593245f8e49cff4a',	'정수기',	now() + INTERVAL 4 DAY );
INSERT INTO WFS_STATISTICS (STATISTICS_SEQ, KEYWORD, SEARCHDATE) VALUES ('7a87fdab21e246d19ace384fdd19061',	'게임용컴퓨터',	now() + INTERVAL 4 DAY );
INSERT INTO WFS_STATISTICS (STATISTICS_SEQ, KEYWORD, SEARCHDATE) VALUES ('256fe13d3df04df494268ef5d0586bd',	'냉장고',	now() + INTERVAL 4 DAY );
INSERT INTO WFS_STATISTICS (STATISTICS_SEQ, KEYWORD, SEARCHDATE) VALUES ('90405420b1ef407b953241696f3d013',	'정수기',	now() + INTERVAL 4 DAY );
INSERT INTO WFS_STATISTICS (STATISTICS_SEQ, KEYWORD, SEARCHDATE) VALUES ('8157aeda8aa24c66a8bfd5b4e4fa2ce',	'정수기',	now() + INTERVAL 4 DAY );
INSERT INTO WFS_STATISTICS (STATISTICS_SEQ, KEYWORD, SEARCHDATE) VALUES ('f885e766236a4e5f8dfcb351f5f3073',	'냉장고',	now() + INTERVAL 4 DAY );
INSERT INTO WFS_STATISTICS (STATISTICS_SEQ, KEYWORD, SEARCHDATE) VALUES ('f885e766236a4e5f8dfcb351f5f3074',	'냉장고',	now() + INTERVAL 4 DAY );
INSERT INTO WFS_STATISTICS (STATISTICS_SEQ, KEYWORD, SEARCHDATE) VALUES ('f885e766236a4e5f8dfcb351f5f3075',	'냉장고',	now() + INTERVAL 4 DAY );
INSERT INTO WFS_STATISTICS (STATISTICS_SEQ, KEYWORD, SEARCHDATE) VALUES ('f885e766236a4e5f8dfcb351f5f3076',	'냉장고',	now() + INTERVAL 4 DAY );
INSERT INTO WFS_STATISTICS (STATISTICS_SEQ, KEYWORD, SEARCHDATE) VALUES ('f885e766236a4e5f8dfcb351f5f3077',	'게임용컴퓨터',	now() + INTERVAL 4 DAY );
INSERT INTO WFS_STATISTICS (STATISTICS_SEQ, KEYWORD, SEARCHDATE) VALUES ('f885e766236a4e5f8dfcb351f5f3078',	'게임용컴퓨터',	now() + INTERVAL 4 DAY );
INSERT INTO WFS_STATISTICS (STATISTICS_SEQ, KEYWORD, SEARCHDATE) VALUES ('f885e766236a4e5f8dfcb351f5f3080',	'게임용컴퓨터',	now() + INTERVAL 4 DAY );
INSERT INTO WFS_STATISTICS (STATISTICS_SEQ, KEYWORD, SEARCHDATE) VALUES ('f885e766236a4e5f8dfcb351f5f3081',	'게임용컴퓨터',	now() + INTERVAL 4 DAY );
INSERT INTO WFS_STATISTICS (STATISTICS_SEQ, KEYWORD, SEARCHDATE) VALUES ('f885e766236a4e5f8dfcb351f5f3082',	'전기밥솥',	now() + INTERVAL 4 DAY );
INSERT INTO WFS_STATISTICS (STATISTICS_SEQ, KEYWORD, SEARCHDATE) VALUES ('f885e766236a4e5f8dfcb351f5f3083',	'전기밥솥',	now() + INTERVAL 4 DAY );
INSERT INTO WFS_STATISTICS (STATISTICS_SEQ, KEYWORD, SEARCHDATE) VALUES ('f885e766236a4e5f8dfcb351f5f3084',	'전기밥솥',	now() + INTERVAL 4 DAY );
INSERT INTO WFS_STATISTICS (STATISTICS_SEQ, KEYWORD, SEARCHDATE) VALUES ('f885e766236a4e5f8dfcb351f5f3085',	'전기밥솥',	now() + INTERVAL 4 DAY );
INSERT INTO WFS_STATISTICS (STATISTICS_SEQ, KEYWORD, SEARCHDATE) VALUES ('f885e766236a4e5f8dfcb351f5f3086',	'노트북사무용',	now() + INTERVAL 4 DAY );
INSERT INTO WFS_STATISTICS (STATISTICS_SEQ, KEYWORD, SEARCHDATE) VALUES ('f885e766236a4e5f8dfcb351f5f3087',	'노트북사무용',	now() + INTERVAL 4 DAY );
INSERT INTO WFS_STATISTICS (STATISTICS_SEQ, KEYWORD, SEARCHDATE) VALUES ('f885e766236a4e5f8dfcb351f5f3088',	'노트북사무용',	now() + INTERVAL 4 DAY );
INSERT INTO WFS_STATISTICS (STATISTICS_SEQ, KEYWORD, SEARCHDATE) VALUES ('f885e766236a4e5f8dfcb351f5f3089',	'노트북사무용',	now() + INTERVAL 4 DAY );
INSERT INTO WFS_STATISTICS (STATISTICS_SEQ, KEYWORD, SEARCHDATE) VALUES ('f885e766236a4e5f8dfcb351f5f3090',	'노트북사무용',	now() + INTERVAL 4 DAY );
INSERT INTO WFS_STATISTICS (STATISTICS_SEQ, KEYWORD, SEARCHDATE) VALUES ('f885e766236a4e5f8dfcb351f5f3091',	'노트북사무용',	now() + INTERVAL 4 DAY );
INSERT INTO WFS_STATISTICS (STATISTICS_SEQ, KEYWORD, SEARCHDATE) VALUES ('f885e766236a4e5f8dfcb351f5f3092',	'노트북사무용',	now() + INTERVAL 4 DAY );

-- now() + INTERVAL 5 DAY
INSERT INTO WFS_STATISTICS (STATISTICS_SEQ, KEYWORD, SEARCHDATE) VALUES ('96c4e620d6b418abd5e3ce3f4b42959',	'디카',	now() + INTERVAL 5 DAY);
INSERT INTO WFS_STATISTICS (STATISTICS_SEQ, KEYWORD, SEARCHDATE) VALUES ('15c3894ed6b4cf2aaf4151ff250710b',	'브랜드컴퓨터',	now() + INTERVAL 5 DAY );
INSERT INTO WFS_STATISTICS (STATISTICS_SEQ, KEYWORD, SEARCHDATE) VALUES ('db3294534574938bd8ee26ed5610d09',	'세탁기',	now() + INTERVAL 5 DAY );
INSERT INTO WFS_STATISTICS (STATISTICS_SEQ, KEYWORD, SEARCHDATE) VALUES ('4c41d12328a42258d6751265262fea4',	'게임용컴퓨터',	now() + INTERVAL 5 DAY );
INSERT INTO WFS_STATISTICS (STATISTICS_SEQ, KEYWORD, SEARCHDATE) VALUES ('86e8ab7b64b4302a8174dd08c393447',	'냉장고',	now() + INTERVAL 5 DAY );
INSERT INTO WFS_STATISTICS (STATISTICS_SEQ, KEYWORD, SEARCHDATE) VALUES ('42fb8937acc46459f0582807150ef5a',	'게임용컴퓨터',	now() + INTERVAL 5 DAY );
INSERT INTO WFS_STATISTICS (STATISTICS_SEQ, KEYWORD, SEARCHDATE) VALUES ('4e339d60a0f453cb6c2455009ebed60',	'냉장고',	now() + INTERVAL 5 DAY );
INSERT INTO WFS_STATISTICS (STATISTICS_SEQ, KEYWORD, SEARCHDATE) VALUES ('f7fc769887445b7b988ab0c58b56342',	'노트북15인치',	now() + INTERVAL 5 DAY );
INSERT INTO WFS_STATISTICS (STATISTICS_SEQ, KEYWORD, SEARCHDATE) VALUES ('a2b4a5ae5aa49e3961fbf5a2431c0f8',	'냉장고',	now() + INTERVAL 5 DAY );
INSERT INTO WFS_STATISTICS (STATISTICS_SEQ, KEYWORD, SEARCHDATE) VALUES ('c5b17ad27a54a6c8437f9d8e116c67c',	'홈시어터',	now() + INTERVAL 5 DAY );
INSERT INTO WFS_STATISTICS (STATISTICS_SEQ, KEYWORD, SEARCHDATE) VALUES ('10b50ecf3994517936cd40e666c3a70',	'디카',	now() + INTERVAL 5 DAY );
INSERT INTO WFS_STATISTICS (STATISTICS_SEQ, KEYWORD, SEARCHDATE) VALUES ('45b2a3d4360478593a245f8e49cff4a',	'정수기',	now() + INTERVAL 5 DAY );
INSERT INTO WFS_STATISTICS (STATISTICS_SEQ, KEYWORD, SEARCHDATE) VALUES ('7a87dab21e246d19abce384fdd19061',	'게임용컴퓨터',	now() + INTERVAL 5 DAY );
INSERT INTO WFS_STATISTICS (STATISTICS_SEQ, KEYWORD, SEARCHDATE) VALUES ('256f13d3df04df4946268ef5d0586bd',	'냉장고',	now() + INTERVAL 5 DAY );
INSERT INTO WFS_STATISTICS (STATISTICS_SEQ, KEYWORD, SEARCHDATE) VALUES ('9040420b1ef407b95c3241696f3d013',	'정수기',	now() + INTERVAL 5 DAY );
INSERT INTO WFS_STATISTICS (STATISTICS_SEQ, KEYWORD, SEARCHDATE) VALUES ('8157eda8aa24c66a83bfd5b4e4fa2ce',	'정수기',	now() + INTERVAL 5 DAY );
INSERT INTO WFS_STATISTICS (STATISTICS_SEQ, KEYWORD, SEARCHDATE) VALUES ('f885766236a4e5f8d6fcb351f5f3073',	'냉장고',	now() + INTERVAL 5 DAY );
INSERT INTO WFS_STATISTICS (STATISTICS_SEQ, KEYWORD, SEARCHDATE) VALUES ('f885766236a4e5f8d6fcb351f5f3074',	'냉장고',	now() + INTERVAL 5 DAY );
INSERT INTO WFS_STATISTICS (STATISTICS_SEQ, KEYWORD, SEARCHDATE) VALUES ('f885766236a4e5f8d6fcb351f5f3075',	'냉장고',	now() + INTERVAL 5 DAY );
INSERT INTO WFS_STATISTICS (STATISTICS_SEQ, KEYWORD, SEARCHDATE) VALUES ('f885766236a4e5f8d6fcb351f5f3076',	'냉장고',	now() + INTERVAL 5 DAY );
INSERT INTO WFS_STATISTICS (STATISTICS_SEQ, KEYWORD, SEARCHDATE) VALUES ('f885766236a4e5f8d6fcb351f5f3077',	'게임용컴퓨터',	now() + INTERVAL 5 DAY );
INSERT INTO WFS_STATISTICS (STATISTICS_SEQ, KEYWORD, SEARCHDATE) VALUES ('f885766236a4e5f8d6fcb351f5f3078',	'게임용컴퓨터',	now() + INTERVAL 5 DAY );
INSERT INTO WFS_STATISTICS (STATISTICS_SEQ, KEYWORD, SEARCHDATE) VALUES ('f885766236a4e5f8d6fcb351f5f3080',	'게임용컴퓨터',	now() + INTERVAL 5 DAY );
INSERT INTO WFS_STATISTICS (STATISTICS_SEQ, KEYWORD, SEARCHDATE) VALUES ('f885766236a4e5f8d6fcb351f5f3081',	'게임용컴퓨터',	now() + INTERVAL 5 DAY );
INSERT INTO WFS_STATISTICS (STATISTICS_SEQ, KEYWORD, SEARCHDATE) VALUES ('f885766236a4e5f8d6fcb351f5f3082',	'전기밥솥',	now() + INTERVAL 5 DAY );
INSERT INTO WFS_STATISTICS (STATISTICS_SEQ, KEYWORD, SEARCHDATE) VALUES ('f885766236a4e5f8d6fcb351f5f3083',	'전기밥솥',	now() + INTERVAL 5 DAY );
INSERT INTO WFS_STATISTICS (STATISTICS_SEQ, KEYWORD, SEARCHDATE) VALUES ('f885766236a4e5f8d6fcb351f5f3084',	'전기밥솥',	now() + INTERVAL 5 DAY );
INSERT INTO WFS_STATISTICS (STATISTICS_SEQ, KEYWORD, SEARCHDATE) VALUES ('f885766236a4e5f8d6fcb351f5f3085',	'전기밥솥',	now() + INTERVAL 5 DAY );
INSERT INTO WFS_STATISTICS (STATISTICS_SEQ, KEYWORD, SEARCHDATE) VALUES ('f885766236a4e5f8d6fcb351f5f3086',	'노트북사무용',	now() + INTERVAL 5 DAY );
INSERT INTO WFS_STATISTICS (STATISTICS_SEQ, KEYWORD, SEARCHDATE) VALUES ('f885766236a4e5f8d6fcb351f5f3087',	'노트북사무용',	now() + INTERVAL 5 DAY );
INSERT INTO WFS_STATISTICS (STATISTICS_SEQ, KEYWORD, SEARCHDATE) VALUES ('f885766236a4e5f8d6fcb351f5f3088',	'노트북사무용',	now() + INTERVAL 5 DAY );
INSERT INTO WFS_STATISTICS (STATISTICS_SEQ, KEYWORD, SEARCHDATE) VALUES ('f885766236a4e5f8d6fcb351f5f3089',	'노트북사무용',	now() + INTERVAL 5 DAY );
INSERT INTO WFS_STATISTICS (STATISTICS_SEQ, KEYWORD, SEARCHDATE) VALUES ('f885766236a4e5f8d6fcb351f5f3090',	'노트북사무용',	now() + INTERVAL 5 DAY );
INSERT INTO WFS_STATISTICS (STATISTICS_SEQ, KEYWORD, SEARCHDATE) VALUES ('f885766236a4e5f8d6fcb351f5f3091',	'노트북사무용',	now() + INTERVAL 5 DAY );
INSERT INTO WFS_STATISTICS (STATISTICS_SEQ, KEYWORD, SEARCHDATE) VALUES ('f885766236a4e5f8d6fcb351f5f3092',	'노트북사무용',	now() + INTERVAL 5 DAY );

-- now() + INTERVAL 6 DAY
INSERT INTO WFS_STATISTICS (STATISTICS_SEQ, KEYWORD, SEARCHDATE) VALUES ('96c2e620d6b418abd5e3ce3f4b42959',	'디카',	now() + INTERVAL 6 DAY);
INSERT INTO WFS_STATISTICS (STATISTICS_SEQ, KEYWORD, SEARCHDATE) VALUES ('15c2894ed6b4cf2aaf4151ff250710b',	'브랜드컴퓨터',	now() + INTERVAL 6 DAY );
INSERT INTO WFS_STATISTICS (STATISTICS_SEQ, KEYWORD, SEARCHDATE) VALUES ('db3594534574938bd8ee26ed5610d09',	'세탁기',	now() + INTERVAL 6 DAY );
INSERT INTO WFS_STATISTICS (STATISTICS_SEQ, KEYWORD, SEARCHDATE) VALUES ('4c4fd12328a42258d6751265262fea4',	'게임용컴퓨터',	now() + INTERVAL 6 DAY );
INSERT INTO WFS_STATISTICS (STATISTICS_SEQ, KEYWORD, SEARCHDATE) VALUES ('86e5ab7b64b4302a8174dd08c393447',	'냉장고',	now() + INTERVAL 6 DAY );
INSERT INTO WFS_STATISTICS (STATISTICS_SEQ, KEYWORD, SEARCHDATE) VALUES ('42f48937acc46459f0582807150ef5a',	'게임용컴퓨터',	now() + INTERVAL 6 DAY );
INSERT INTO WFS_STATISTICS (STATISTICS_SEQ, KEYWORD, SEARCHDATE) VALUES ('4e3c9d60a0f453cb6c2455009ebed60',	'냉장고',	now() + INTERVAL 6 DAY );
INSERT INTO WFS_STATISTICS (STATISTICS_SEQ, KEYWORD, SEARCHDATE) VALUES ('f7f2769887445b7b988ab0c58b56342',	'노트북15인치',	now() + INTERVAL 6 DAY );
INSERT INTO WFS_STATISTICS (STATISTICS_SEQ, KEYWORD, SEARCHDATE) VALUES ('a2bfa5ae5aa49e3961fbf5a2431c0f8',	'냉장고',	now() + INTERVAL 6 DAY );
INSERT INTO WFS_STATISTICS (STATISTICS_SEQ, KEYWORD, SEARCHDATE) VALUES ('c5ba7ad27a54a6c8437f9d8e116c67c',	'홈시어터',	now() + INTERVAL 6 DAY );
INSERT INTO WFS_STATISTICS (STATISTICS_SEQ, KEYWORD, SEARCHDATE) VALUES ('10bf0ecf3994517936cd40e666c3a70',	'디카',	now() + INTERVAL 6 DAY );
INSERT INTO WFS_STATISTICS (STATISTICS_SEQ, KEYWORD, SEARCHDATE) VALUES ('45bea3d4360478593a245f8e49cff4a',	'정수기',	now() + INTERVAL 6 DAY );
INSERT INTO WFS_STATISTICS (STATISTICS_SEQ, KEYWORD, SEARCHDATE) VALUES ('7a8fdab21e246d19abce384fdd19061',	'게임용컴퓨터',	now() + INTERVAL 6 DAY );
INSERT INTO WFS_STATISTICS (STATISTICS_SEQ, KEYWORD, SEARCHDATE) VALUES ('256e13d3df04df4946268ef5d0586bd',	'냉장고',	now() + INTERVAL 6 DAY );
INSERT INTO WFS_STATISTICS (STATISTICS_SEQ, KEYWORD, SEARCHDATE) VALUES ('9045420b1ef407b95c3241696f3d013',	'정수기',	now() + INTERVAL 6 DAY );
INSERT INTO WFS_STATISTICS (STATISTICS_SEQ, KEYWORD, SEARCHDATE) VALUES ('815aeda8aa24c66a83bfd5b4e4fa2ce',	'정수기',	now() + INTERVAL 6 DAY );
INSERT INTO WFS_STATISTICS (STATISTICS_SEQ, KEYWORD, SEARCHDATE) VALUES ('f88e766236a4e5f8d6fcb351f5f3073',	'냉장고',	now() + INTERVAL 6 DAY );
INSERT INTO WFS_STATISTICS (STATISTICS_SEQ, KEYWORD, SEARCHDATE) VALUES ('f88e766236a4e5f8d6fcb351f5f3074',	'냉장고',	now() + INTERVAL 6 DAY );
INSERT INTO WFS_STATISTICS (STATISTICS_SEQ, KEYWORD, SEARCHDATE) VALUES ('f88e766236a4e5f8d6fcb351f5f3075',	'냉장고',	now() + INTERVAL 6 DAY );
INSERT INTO WFS_STATISTICS (STATISTICS_SEQ, KEYWORD, SEARCHDATE) VALUES ('f88e766236a4e5f8d6fcb351f5f3076',	'냉장고',	now() + INTERVAL 6 DAY );
INSERT INTO WFS_STATISTICS (STATISTICS_SEQ, KEYWORD, SEARCHDATE) VALUES ('f88e766236a4e5f8d6fcb351f5f3077',	'게임용컴퓨터',	now() + INTERVAL 6 DAY );
INSERT INTO WFS_STATISTICS (STATISTICS_SEQ, KEYWORD, SEARCHDATE) VALUES ('f88e766236a4e5f8d6fcb351f5f3078',	'게임용컴퓨터',	now() + INTERVAL 6 DAY );
INSERT INTO WFS_STATISTICS (STATISTICS_SEQ, KEYWORD, SEARCHDATE) VALUES ('f88e766236a4e5f8d6fcb351f5f3080',	'게임용컴퓨터',	now() + INTERVAL 6 DAY );
INSERT INTO WFS_STATISTICS (STATISTICS_SEQ, KEYWORD, SEARCHDATE) VALUES ('f88e766236a4e5f8d6fcb351f5f3081',	'게임용컴퓨터',	now() + INTERVAL 6 DAY );
INSERT INTO WFS_STATISTICS (STATISTICS_SEQ, KEYWORD, SEARCHDATE) VALUES ('f88e766236a4e5f8d6fcb351f5f3082',	'전기밥솥',	now() + INTERVAL 6 DAY );
INSERT INTO WFS_STATISTICS (STATISTICS_SEQ, KEYWORD, SEARCHDATE) VALUES ('f88e766236a4e5f8d6fcb351f5f3083',	'전기밥솥',	now() + INTERVAL 6 DAY );
INSERT INTO WFS_STATISTICS (STATISTICS_SEQ, KEYWORD, SEARCHDATE) VALUES ('f88e766236a4e5f8d6fcb351f5f3084',	'전기밥솥',	now() + INTERVAL 6 DAY );
INSERT INTO WFS_STATISTICS (STATISTICS_SEQ, KEYWORD, SEARCHDATE) VALUES ('f88e766236a4e5f8d6fcb351f5f3085',	'전기밥솥',	now() + INTERVAL 6 DAY );
INSERT INTO WFS_STATISTICS (STATISTICS_SEQ, KEYWORD, SEARCHDATE) VALUES ('f88e766236a4e5f8d6fcb351f5f3086',	'노트북사무용',	now() + INTERVAL 6 DAY );
INSERT INTO WFS_STATISTICS (STATISTICS_SEQ, KEYWORD, SEARCHDATE) VALUES ('f88e766236a4e5f8d6fcb351f5f3087',	'노트북사무용',	now() + INTERVAL 6 DAY );
INSERT INTO WFS_STATISTICS (STATISTICS_SEQ, KEYWORD, SEARCHDATE) VALUES ('f88e766236a4e5f8d6fcb351f5f3088',	'노트북사무용',	now() + INTERVAL 6 DAY );
INSERT INTO WFS_STATISTICS (STATISTICS_SEQ, KEYWORD, SEARCHDATE) VALUES ('f88e766236a4e5f8d6fcb351f5f3089',	'노트북사무용',	now() + INTERVAL 6 DAY );
INSERT INTO WFS_STATISTICS (STATISTICS_SEQ, KEYWORD, SEARCHDATE) VALUES ('f88e766236a4e5f8d6fcb351f5f3090',	'노트북사무용',	now() + INTERVAL 6 DAY );
INSERT INTO WFS_STATISTICS (STATISTICS_SEQ, KEYWORD, SEARCHDATE) VALUES ('f88e766236a4e5f8d6fcb351f5f3091',	'노트북사무용',	now() + INTERVAL 6 DAY );
INSERT INTO WFS_STATISTICS (STATISTICS_SEQ, KEYWORD, SEARCHDATE) VALUES ('f88e766236a4e5f8d6fcb351f5f3092',	'노트북사무용',	now() + INTERVAL 6 DAY );

-- INSERT INTO WFS_BOOKMARK
INSERT INTO WFS_BOOKMARK (BOOKMARK_SEQ, MEMBER_SEQ, IMG, GOODS_INFO, PRICE, STORE, URI, STATUS) VALUES('UUID-B001', 'UUID-M004', '/ganadanawa/resources/uploads/bookmarkSample01.jpg', 'Apple 공인판매점 2017 iMac [MNED2KH/A] 27형 더미데이터는 링크가 제공되지 않습니다.','2,410,620원', '11번가', '#','CONSIDERING');
INSERT INTO WFS_BOOKMARK (BOOKMARK_SEQ, MEMBER_SEQ, IMG, GOODS_INFO, PRICE, STORE, URI, STATUS) VALUES('UUID-B002', 'UUID-M004', '/ganadanawa/resources/uploads/bookmarkSample02.jpg','애플 에어팟<br>더미데이터는 링크가 제공되지 않습니다.','176,220원', '옥션', '#','CONSIDERING');
INSERT INTO WFS_BOOKMARK (BOOKMARK_SEQ, MEMBER_SEQ, IMG, GOODS_INFO, PRICE, STORE, URI, STATUS) VALUES('UUID-B003', 'UUID-M004', '/ganadanawa/resources/uploads/bookmarkSample03.jpg','애플 맥북프로 15형 레티나 리프레시 2015년형 (MJLT2KH/A)','3,244,030원', 'G마켓', '#','CONSIDERING');
INSERT INTO WFS_BOOKMARK (BOOKMARK_SEQ, MEMBER_SEQ, IMG, GOODS_INFO, PRICE, STORE, URI, STATUS) VALUES('UUID-B004', 'UUID-M004', '/ganadanawa/resources/uploads/bookmarkSample04.jpg','애플 뉴 아이패드 9.7 2018년형 Wi-Fi 128GB','495,990원', 'G마켓', '#','CONSIDERING');
  